Streamers,count
Renniyyya Gaming,5
Bombay Tv,4
OverXyze,3
PeenoisePlays,2
Ohmyv33nus,2
Alodia Gosiengfiao,2
HOLY FATHER,2
Van Holiday,2
VJ TWINX,2
schrodingerLee,2
GLOCO,2
Nami Onuma,2
Aljownz Gaming,2
Wise Gaming,2
Melrosee,1
Kikuri,1
Angel Gaming,1
Kopi,1
Bombay Tv ,1
VMG,1
Akosi Dogie,1
Chibiby,1
shroud,1
Kayla Heredia,1
Kai Cenat,1
Evample,1
OfflineTV,1
Valkyrae,1
sh!nkei,1
xQc,1
caseoh,1
boxbox,1
Yawi Esports,1
joshseki,1
Doppio Dropscythe,1
Alban Knox,1
Leo Kuga,1
TenZ,1
Pech Gaming,1
Broxah,1
GrndpaGaming,1
Een,1
Razzie Binx,1
Papi Conard,1
DICE,1
Senpai,1
Chuiii,1
Bombay TV,1
GHOST Wrecker,1
Emmachii,1
Papa Sayote,1
Angcool JOE,1
Creoles,1
Locco,1
RCMGODD,1
Cullen01,1
Rizpol,1
Dendi,1
ChooxTv,1
Doc Z Gaming,1
Keep,1
KPOP,1
Anyone,1
AvoidingThePuddle,1
RogerRakerTV,1
tapangking,1
BaristaRobss,1
JimmyHere,1
Lethamyr,1
